"October 19, 2023 at 02:00AM",Weather,humidity,88,2023-10-19T01:00:08.218Z
"October 19, 2023 at 02:00AM",Weather,temperature,27.1000003814697,2023-10-19T01:00:09.028Z
"October 19, 2023 at 02:01AM",Weather,temperature,27.1000003814697,2023-10-19T01:01:09.044Z
"October 19, 2023 at 02:01AM",Weather,humidity,88.0,2023-10-19T01:01:08.314Z
"October 19, 2023 at 02:02AM",Weather,humidity,88.0,2023-10-19T01:02:08.320Z
"October 19, 2023 at 02:02AM",Weather,temperature,27.1000003814697,2023-10-19T01:02:09.140Z
"October 19, 2023 at 02:03AM",Weather,humidity,88.0,2023-10-19T01:03:08.344Z
"October 19, 2023 at 02:03AM",Weather,temperature,27.1000003814697,2023-10-19T01:03:09.064Z
"October 19, 2023 at 02:04AM",Weather,humidity,88.0,2023-10-19T01:04:08.345Z
"October 19, 2023 at 02:04AM",Weather,temperature,27.1000003814697,2023-10-19T01:04:09.153Z
"October 19, 2023 at 02:05AM",Weather,humidity,88.0,2023-10-19T01:05:08.347Z
"October 19, 2023 at 02:05AM",Weather,temperature,27.1000003814697,2023-10-19T01:05:09.068Z
"October 19, 2023 at 02:06AM",Weather,humidity,88.0,2023-10-19T01:06:08.340Z
"October 19, 2023 at 02:06AM",Weather,temperature,27.1000003814697,2023-10-19T01:06:09.159Z
"October 19, 2023 at 02:07AM",Weather,humidity,88.0,2023-10-19T01:07:08.378Z
"October 19, 2023 at 02:07AM",Weather,temperature,27.1000003814697,2023-10-19T01:07:09.097Z
"October 19, 2023 at 02:08AM",Weather,humidity,88.0,2023-10-19T01:08:08.475Z
"October 19, 2023 at 02:08AM",Weather,temperature,27.1000003814697,2023-10-19T01:08:09.187Z
"October 19, 2023 at 02:09AM",Weather,humidity,88.0,2023-10-19T01:09:08.467Z
"October 19, 2023 at 02:09AM",Weather,temperature,27.1000003814697,2023-10-19T01:09:09.110Z
"October 19, 2023 at 02:10AM",Weather,humidity,88.0,2023-10-19T01:10:08.475Z
"October 19, 2023 at 02:10AM",Weather,temperature,27.1000003814697,2023-10-19T01:10:09.187Z
"October 19, 2023 at 02:11AM",Weather,humidity,88.0,2023-10-19T01:11:08.498Z
"October 19, 2023 at 02:11AM",Weather,temperature,27.1000003814697,2023-10-19T01:11:09.199Z
"October 19, 2023 at 02:12AM",Weather,humidity,88.0,2023-10-19T01:12:08.482Z
"October 19, 2023 at 02:12AM",Weather,temperature,27.1000003814697,2023-10-19T01:12:09.213Z
"October 19, 2023 at 02:13AM",Weather,humidity,88.0,2023-10-19T01:13:08.497Z
"October 19, 2023 at 02:13AM",Weather,temperature,27.1000003814697,2023-10-19T01:13:09.205Z
"October 19, 2023 at 02:14AM",Weather,humidity,88.0,2023-10-19T01:14:08.513Z
"October 19, 2023 at 02:14AM",Weather,temperature,27.1000003814697,2023-10-19T01:14:09.233Z
"October 19, 2023 at 02:15AM",Weather,humidity,89.0,2023-10-19T01:15:08.514Z
"October 19, 2023 at 02:15AM",Weather,temperature,27.1000003814697,2023-10-19T01:15:09.233Z
"October 19, 2023 at 02:16AM",Weather,humidity,89.0,2023-10-19T01:16:08.524Z
"October 19, 2023 at 02:16AM",Weather,temperature,27.1000003814697,2023-10-19T01:16:09.224Z
"October 19, 2023 at 02:17AM",Weather,humidity,89.0,2023-10-19T01:17:08.521Z
"October 19, 2023 at 02:17AM",Weather,temperature,27.1000003814697,2023-10-19T01:17:09.235Z
"October 19, 2023 at 02:18AM",Weather,humidity,89.0,2023-10-19T01:18:08.534Z
"October 19, 2023 at 02:18AM",Weather,temperature,27.1000003814697,2023-10-19T01:18:09.245Z
"October 19, 2023 at 02:19AM",Weather,humidity,89.0,2023-10-19T01:19:08.659Z
"October 19, 2023 at 02:19AM",Weather,temperature,27.1000003814697,2023-10-19T01:19:09.352Z
"October 19, 2023 at 02:20AM",Weather,humidity,89.0,2023-10-19T01:20:08.534Z
"October 19, 2023 at 02:20AM",Weather,temperature,27.1000003814697,2023-10-19T01:20:09.352Z
"October 19, 2023 at 02:21AM",Weather,humidity,89.0,2023-10-19T01:21:08.641Z
"October 19, 2023 at 02:21AM",Weather,temperature,27.1000003814697,2023-10-19T01:21:09.364Z
"October 19, 2023 at 02:22AM",Weather,humidity,89.0,2023-10-19T01:22:08.674Z
"October 19, 2023 at 02:22AM",Weather,temperature,27.1000003814697,2023-10-19T01:22:09.385Z
"October 19, 2023 at 02:23AM",Weather,humidity,89.0,2023-10-19T01:23:08.662Z
"October 19, 2023 at 02:23AM",Weather,temperature,27.1000003814697,2023-10-19T01:23:09.382Z
"October 19, 2023 at 02:24AM",Weather,humidity,89.0,2023-10-19T01:24:10.032Z
"October 19, 2023 at 02:24AM",Weather,temperature,27.1000003814697,2023-10-19T01:24:10.033Z
"October 19, 2023 at 02:25AM",Weather,temperature,27.1000003814697,2023-10-19T01:25:09.395Z
"October 19, 2023 at 02:25AM",Weather,humidity,89.0,2023-10-19T01:25:08.677Z
"October 19, 2023 at 02:26AM",Weather,humidity,89.0,2023-10-19T01:26:08.786Z
"October 19, 2023 at 02:26AM",Weather,temperature,27.1000003814697,2023-10-19T01:26:09.407Z
"October 19, 2023 at 02:27AM",Weather,humidity,89.0,2023-10-19T01:27:08.808Z
"October 19, 2023 at 02:27AM",Weather,temperature,27.1000003814697,2023-10-19T01:27:09.378Z
"October 19, 2023 at 02:28AM",Weather,temperature,27.1000003814697,2023-10-19T01:28:09.624Z
"October 19, 2023 at 02:28AM",Weather,humidity,89.0,2023-10-19T01:28:09.146Z
"October 19, 2023 at 02:29AM",Weather,temperature,27.1000003814697,2023-10-19T01:29:09.525Z
"October 19, 2023 at 02:29AM",Weather,humidity,89.0,2023-10-19T01:29:08.805Z
"October 19, 2023 at 02:30AM",Weather,temperature,27.1000003814697,2023-10-19T01:30:09.527Z
"October 19, 2023 at 02:30AM",Weather,humidity,89.0,2023-10-19T01:30:08.767Z
"October 19, 2023 at 02:31AM",Weather,humidity,89.0,2023-10-19T01:31:08.815Z
"October 19, 2023 at 02:31AM",Weather,temperature,27.1000003814697,2023-10-19T01:31:09.544Z
"October 19, 2023 at 02:32AM",Weather,humidity,89.0,2023-10-19T01:32:08.842Z
"October 19, 2023 at 02:32AM",Weather,temperature,27.1000003814697,2023-10-19T01:32:09.542Z
"October 19, 2023 at 02:33AM",Weather,humidity,89.0,2023-10-19T01:33:08.932Z
"October 19, 2023 at 02:33AM",Weather,temperature,27.1000003814697,2023-10-19T01:33:09.562Z
"October 19, 2023 at 02:34AM",Weather,humidity,89.0,2023-10-19T01:34:08.940Z
"October 19, 2023 at 02:34AM",Weather,temperature,27.1000003814697,2023-10-19T01:34:09.568Z
"October 19, 2023 at 02:35AM",Weather,humidity,89.0,2023-10-19T01:35:08.955Z
"October 19, 2023 at 02:35AM",Weather,temperature,27.1000003814697,2023-10-19T01:35:09.566Z
"October 19, 2023 at 02:36AM",Weather,humidity,89.0,2023-10-19T01:36:09.080Z
"October 19, 2023 at 02:36AM",Weather,temperature,27.1000003814697,2023-10-19T01:36:09.672Z
"October 19, 2023 at 02:37AM",Weather,humidity,89.0,2023-10-19T01:37:08.962Z
"October 19, 2023 at 02:37AM",Weather,temperature,27.1000003814697,2023-10-19T01:37:09.692Z
"October 19, 2023 at 02:38AM",Weather,humidity,89.0,2023-10-19T01:38:08.955Z
"October 19, 2023 at 02:38AM",Weather,temperature,27.1000003814697,2023-10-19T01:38:09.677Z
"October 19, 2023 at 02:39AM",Weather,humidity,89.0,2023-10-19T01:39:08.966Z
"October 19, 2023 at 02:39AM",Weather,temperature,27.1000003814697,2023-10-19T01:39:09.699Z
"October 19, 2023 at 02:40AM",Weather,humidity,89.0,2023-10-19T01:40:09.108Z
"October 19, 2023 at 02:40AM",Weather,temperature,27.1000003814697,2023-10-19T01:40:09.810Z
"October 19, 2023 at 02:41AM",Weather,humidity,89.0,2023-10-19T01:41:09.088Z
"October 19, 2023 at 02:41AM",Weather,temperature,27.1000003814697,2023-10-19T01:41:09.808Z
"October 19, 2023 at 02:42AM",Weather,humidity,89.0,2023-10-19T01:42:09.094Z
"October 19, 2023 at 02:42AM",Weather,temperature,27.1000003814697,2023-10-19T01:42:09.811Z
"October 19, 2023 at 02:43AM",Weather,humidity,89.0,2023-10-19T01:43:09.111Z
"October 19, 2023 at 02:43AM",Weather,temperature,27.1000003814697,2023-10-19T01:43:09.823Z
"October 19, 2023 at 02:44AM",Weather,humidity,89.0,2023-10-19T01:44:09.098Z
"October 19, 2023 at 02:44AM",Weather,temperature,27.1000003814697,2023-10-19T01:44:09.818Z
"October 19, 2023 at 02:45AM",Weather,humidity,89.0,2023-10-19T01:45:09.113Z
"October 19, 2023 at 02:45AM",Weather,temperature,27.1000003814697,2023-10-19T01:45:09.933Z
"October 19, 2023 at 02:46AM",Weather,humidity,89.0,2023-10-19T01:46:09.145Z
"October 19, 2023 at 02:46AM",Weather,temperature,27.1000003814697,2023-10-19T01:46:09.850Z
"October 19, 2023 at 02:47AM",Weather,humidity,89.0,2023-10-19T01:47:09.132Z
"October 19, 2023 at 02:47AM",Weather,temperature,27.1000003814697,2023-10-19T01:47:09.849Z
"October 19, 2023 at 02:48AM",Weather,humidity,89.0,2023-10-19T01:48:09.240Z
"October 19, 2023 at 02:48AM",Weather,temperature,27.1000003814697,2023-10-19T01:48:09.850Z
"October 19, 2023 at 02:49AM",Weather,humidity,89.0,2023-10-19T01:49:09.253Z
"October 19, 2023 at 02:49AM",Weather,temperature,27.1000003814697,2023-10-19T01:49:09.963Z
"October 19, 2023 at 02:50AM",Weather,temperature,27.1000003814697,2023-10-19T01:50:09.972Z
"October 19, 2023 at 02:50AM",Weather,humidity,89.0,2023-10-19T01:50:09.252Z
"October 19, 2023 at 02:51AM",Weather,humidity,89.0,2023-10-19T01:51:09.483Z
"October 19, 2023 at 02:51AM",Weather,temperature,27.1000003814697,2023-10-19T01:51:10.076Z
"October 19, 2023 at 02:52AM",Weather,temperature,27.1000003814697,2023-10-19T01:52:10.030Z
"October 19, 2023 at 02:52AM",Weather,humidity,89.0,2023-10-19T01:52:09.215Z
"October 19, 2023 at 02:53AM",Weather,temperature,27.1000003814697,2023-10-19T01:53:10.048Z
"October 19, 2023 at 02:53AM",Weather,humidity,89.0,2023-10-19T01:53:09.364Z
"October 19, 2023 at 02:54AM",Weather,humidity,89.0,2023-10-19T01:54:09.485Z
"October 19, 2023 at 02:54AM",Weather,temperature,27.1000003814697,2023-10-19T01:54:10.205Z
"October 19, 2023 at 02:55AM",Weather,humidity,89.0,2023-10-19T01:55:09.489Z
"October 19, 2023 at 02:55AM",Weather,temperature,27.1000003814697,2023-10-19T01:55:10.211Z
"October 19, 2023 at 02:56AM",Weather,humidity,89.0,2023-10-19T01:56:09.484Z
"October 19, 2023 at 02:56AM",Weather,temperature,27.1000003814697,2023-10-19T01:56:10.205Z
"October 19, 2023 at 02:57AM",Weather,humidity,89.0,2023-10-19T01:57:09.491Z
"October 19, 2023 at 02:57AM",Weather,temperature,27.1000003814697,2023-10-19T01:57:10.210Z
"October 19, 2023 at 02:58AM",Weather,humidity,89.0,2023-10-19T01:58:09.624Z
"October 19, 2023 at 02:58AM",Weather,temperature,27.1000003814697,2023-10-19T01:58:10.236Z
"October 19, 2023 at 02:59AM",Weather,humidity,89.0,2023-10-19T01:59:09.830Z
"October 19, 2023 at 02:59AM",Weather,temperature,27.1000003814697,2023-10-19T01:59:10.440Z
"October 19, 2023 at 03:00AM",Weather,temperature,27.1000003814697,2023-10-19T02:00:10.454Z
"October 19, 2023 at 03:00AM",Weather,humidity,89.0,2023-10-19T02:00:09.632Z
"October 19, 2023 at 03:01AM",Weather,temperature,27.1000003814697,2023-10-19T02:01:10.461Z
"October 19, 2023 at 03:01AM",Weather,humidity,89.0,2023-10-19T02:01:09.639Z
"October 19, 2023 at 03:02AM",Weather,temperature,27.1000003814697,2023-10-19T02:02:10.460Z
"October 19, 2023 at 03:02AM",Weather,humidity,89.0,2023-10-19T02:02:09.740Z
"October 19, 2023 at 03:03AM",Weather,humidity,89.0,2023-10-19T02:03:09.746Z
"October 19, 2023 at 03:03AM",Weather,temperature,27.1000003814697,2023-10-19T02:03:10.466Z
"October 19, 2023 at 03:04AM",Weather,humidity,89.0,2023-10-19T02:04:09.762Z
"October 19, 2023 at 03:04AM",Weather,temperature,27.1000003814697,2023-10-19T02:04:10.473Z
"October 19, 2023 at 03:05AM",Weather,temperature,27.1000003814697,2023-10-19T02:05:10.466Z
"October 19, 2023 at 03:05AM",Weather,humidity,89.0,2023-10-19T02:05:09.763Z
"October 19, 2023 at 03:06AM",Weather,humidity,89.0,2023-10-19T02:06:09.866Z
"October 19, 2023 at 03:06AM",Weather,temperature,27.1000003814697,2023-10-19T02:06:10.586Z
"October 19, 2023 at 03:07AM",Weather,humidity,89.0,2023-10-19T02:07:09.992Z
"October 19, 2023 at 03:07AM",Weather,temperature,27.1000003814697,2023-10-19T02:07:10.595Z
"October 19, 2023 at 03:08AM",Weather,temperature,27.1000003814697,2023-10-19T02:08:10.599Z
"October 19, 2023 at 03:08AM",Weather,humidity,89.0,2023-10-19T02:08:09.989Z
"October 19, 2023 at 03:09AM",Weather,humidity,89.0,2023-10-19T02:09:10.003Z
"October 19, 2023 at 03:09AM",Weather,temperature,27.1000003814697,2023-10-19T02:09:10.604Z
"October 19, 2023 at 03:10AM",Weather,humidity,89.0,2023-10-19T02:10:10.007Z
"October 19, 2023 at 03:10AM",Weather,temperature,27.1000003814697,2023-10-19T02:10:10.609Z
"October 19, 2023 at 03:11AM",Weather,humidity,89.0,2023-10-19T02:11:10.111Z
"October 19, 2023 at 03:11AM",Weather,temperature,27.1000003814697,2023-10-19T02:11:10.725Z
"October 19, 2023 at 03:12AM",Weather,humidity,89.0,2023-10-19T02:12:10.019Z
"October 19, 2023 at 03:12AM",Weather,temperature,27.1000003814697,2023-10-19T02:12:10.667Z
"October 19, 2023 at 03:13AM",Weather,humidity,89.0,2023-10-19T02:13:10.116Z
"October 19, 2023 at 03:13AM",Weather,temperature,27.1000003814697,2023-10-19T02:13:10.722Z
"October 19, 2023 at 03:14AM",Weather,humidity,89.0,2023-10-19T02:14:10.087Z
"October 19, 2023 at 03:14AM",Weather,temperature,27.1000003814697,2023-10-19T02:14:10.697Z
"October 19, 2023 at 03:15AM",Weather,humidity,89.0,2023-10-19T02:15:10.240Z
"October 19, 2023 at 03:15AM",Weather,temperature,27.1000003814697,2023-10-19T02:15:10.851Z
"October 19, 2023 at 03:16AM",Weather,humidity,89.0,2023-10-19T02:16:10.134Z
"October 19, 2023 at 03:16AM",Weather,temperature,27.1000003814697,2023-10-19T02:16:10.785Z
"October 19, 2023 at 03:17AM",Weather,temperature,27.1000003814697,2023-10-19T02:17:10.826Z
"October 19, 2023 at 03:17AM",Weather,humidity,89.0,2023-10-19T02:17:10.249Z
"October 19, 2023 at 03:18AM",Weather,temperature,27.1000003814697,2023-10-19T02:18:10.974Z
"October 19, 2023 at 03:18AM",Weather,humidity,89.0,2023-10-19T02:18:10.370Z
"October 19, 2023 at 03:19AM",Weather,temperature,27.1000003814697,2023-10-19T02:19:11.071Z
"October 19, 2023 at 03:19AM",Weather,humidity,89.0,2023-10-19T02:19:10.528Z
"October 19, 2023 at 03:20AM",Weather,humidity,89.0,2023-10-19T02:20:10.572Z
"October 19, 2023 at 03:20AM",Weather,temperature,27.1000003814697,2023-10-19T02:20:11.189Z
"October 19, 2023 at 03:21AM",Weather,humidity,89.0,2023-10-19T02:21:10.466Z
"October 19, 2023 at 03:21AM",Weather,temperature,27.1000003814697,2023-10-19T02:21:11.186Z
"October 19, 2023 at 03:22AM",Weather,humidity,89.0,2023-10-19T02:22:10.508Z
"October 19, 2023 at 03:22AM",Weather,temperature,27.1000003814697,2023-10-19T02:22:11.200Z
"October 19, 2023 at 03:23AM",Weather,humidity,89.0,2023-10-19T02:23:10.584Z
"October 19, 2023 at 03:23AM",Weather,temperature,27.1000003814697,2023-10-19T02:23:11.219Z
"October 19, 2023 at 03:24AM",Weather,humidity,89.0,2023-10-19T02:24:10.598Z
"October 19, 2023 at 03:24AM",Weather,temperature,27.1000003814697,2023-10-19T02:24:11.319Z
"October 19, 2023 at 03:25AM",Weather,humidity,89.0,2023-10-19T02:25:10.719Z
"October 19, 2023 at 03:25AM",Weather,temperature,27.1000003814697,2023-10-19T02:25:11.319Z
"October 19, 2023 at 03:26AM",Weather,humidity,89.0,2023-10-19T02:26:10.719Z
"October 19, 2023 at 03:26AM",Weather,temperature,27.1000003814697,2023-10-19T02:26:11.340Z
"October 19, 2023 at 03:27AM",Weather,humidity,89.0,2023-10-19T02:27:10.711Z
"October 19, 2023 at 03:27AM",Weather,temperature,27.1000003814697,2023-10-19T02:27:11.338Z
"October 19, 2023 at 03:28AM",Weather,humidity,89.0,2023-10-19T02:28:10.837Z
"October 19, 2023 at 03:28AM",Weather,temperature,27.1000003814697,2023-10-19T02:28:11.449Z
"October 19, 2023 at 03:29AM",Weather,humidity,89.0,2023-10-19T02:29:10.759Z
"October 19, 2023 at 03:29AM",Weather,temperature,27.1000003814697,2023-10-19T02:29:11.463Z
"October 19, 2023 at 03:30AM",Weather,temperature,27.1000003814697,2023-10-19T02:30:11.572Z
"October 19, 2023 at 03:30AM",Weather,humidity,89.0,2023-10-19T02:30:10.865Z
"October 19, 2023 at 03:31AM",Weather,temperature,27.1000003814697,2023-10-19T02:31:11.472Z
"October 19, 2023 at 03:31AM",Weather,humidity,89.0,2023-10-19T02:31:10.860Z
"October 19, 2023 at 03:32AM",Weather,temperature,27.1000003814697,2023-10-19T02:32:11.574Z
"October 19, 2023 at 03:32AM",Weather,humidity,89.0,2023-10-19T02:32:10.954Z
"October 19, 2023 at 03:33AM",Weather,temperature,27.1000003814697,2023-10-19T02:33:11.584Z
"October 19, 2023 at 03:33AM",Weather,humidity,89.0,2023-10-19T02:33:10.970Z
"October 19, 2023 at 03:34AM",Weather,humidity,89.0,2023-10-19T02:34:11.074Z
"October 19, 2023 at 03:34AM",Weather,temperature,27.1000003814697,2023-10-19T02:34:11.681Z
"October 19, 2023 at 03:35AM",Weather,humidity,89.0,2023-10-19T02:35:10.971Z
"October 19, 2023 at 03:35AM",Weather,temperature,27.1000003814697,2023-10-19T02:35:11.686Z
"October 19, 2023 at 03:36AM",Weather,humidity,89.0,2023-10-19T02:36:11.500Z
"October 19, 2023 at 03:36AM",Weather,temperature,27.1000003814697,2023-10-19T02:36:12.122Z
"October 19, 2023 at 03:37AM",Weather,humidity,89.0,2023-10-19T02:37:11.092Z
"October 19, 2023 at 03:37AM",Weather,temperature,27.1000003814697,2023-10-19T02:37:12.110Z
"October 19, 2023 at 03:38AM",Weather,humidity,89.0,2023-10-19T02:38:11.091Z
"October 19, 2023 at 03:38AM",Weather,temperature,27.1000003814697,2023-10-19T02:38:12.081Z
"October 19, 2023 at 03:39AM",Weather,humidity,89.0,2023-10-19T02:39:11.101Z
"October 19, 2023 at 03:39AM",Weather,temperature,27.1000003814697,2023-10-19T02:39:12.091Z
"October 19, 2023 at 03:40AM",Weather,temperature,27.1000003814697,2023-10-19T02:40:12.094Z
"October 19, 2023 at 03:40AM",Weather,humidity,89.0,2023-10-19T02:40:11.113Z
"October 19, 2023 at 03:41AM",Weather,temperature,27.1000003814697,2023-10-19T02:41:12.094Z
"October 19, 2023 at 03:41AM",Weather,humidity,89.0,2023-10-19T02:41:11.150Z
"October 19, 2023 at 03:42AM",Weather,temperature,27.1000003814697,2023-10-19T02:42:12.110Z
"October 19, 2023 at 03:42AM",Weather,humidity,89.0,2023-10-19T02:42:11.191Z
"October 19, 2023 at 03:43AM",Weather,temperature,27.1000003814697,2023-10-19T02:43:12.118Z
"October 19, 2023 at 03:43AM",Weather,humidity,89.0,2023-10-19T02:43:11.212Z
"October 19, 2023 at 03:44AM",Weather,temperature,27.1000003814697,2023-10-19T02:44:12.110Z
"October 19, 2023 at 03:44AM",Weather,humidity,89.0,2023-10-19T02:44:11.241Z
"October 19, 2023 at 03:45AM",Weather,humidity,89.0,2023-10-19T02:45:11.240Z
"October 19, 2023 at 03:45AM",Weather,temperature,27.1000003814697,2023-10-19T02:45:12.151Z
"October 19, 2023 at 03:46AM",Weather,humidity,89.0,2023-10-19T02:46:11.261Z
"October 19, 2023 at 03:46AM",Weather,temperature,27.1000003814697,2023-10-19T02:46:12.131Z
"October 19, 2023 at 03:47AM",Weather,humidity,89.0,2023-10-19T02:47:11.321Z
"October 19, 2023 at 03:47AM",Weather,temperature,27.1000003814697,2023-10-19T02:47:12.160Z
"October 19, 2023 at 03:48AM",Weather,humidity,89.0,2023-10-19T02:48:11.283Z
"October 19, 2023 at 03:48AM",Weather,temperature,27.1000003814697,2023-10-19T02:48:12.164Z
"October 19, 2023 at 03:49AM",Weather,humidity,89.0,2023-10-19T02:49:11.358Z
"October 19, 2023 at 03:49AM",Weather,temperature,27.1000003814697,2023-10-19T02:49:12.190Z
"October 19, 2023 at 03:50AM",Weather,humidity,89.0,2023-10-19T02:50:11.350Z
"October 19, 2023 at 03:50AM",Weather,temperature,27.1000003814697,2023-10-19T02:50:12.230Z
"October 19, 2023 at 03:51AM",Weather,humidity,89.0,2023-10-19T02:51:11.491Z
"October 19, 2023 at 03:51AM",Weather,temperature,27.1000003814697,2023-10-19T02:51:12.310Z
"October 19, 2023 at 03:52AM",Weather,humidity,89.0,2023-10-19T02:52:11.664Z
"October 19, 2023 at 03:52AM",Weather,temperature,27.1000003814697,2023-10-19T02:52:12.309Z
"October 19, 2023 at 03:53AM",Weather,temperature,27.1000003814697,2023-10-19T02:53:12.331Z
"October 19, 2023 at 03:53AM",Weather,humidity,89.0,2023-10-19T02:53:11.698Z
"October 19, 2023 at 03:54AM",Weather,humidity,89.0,2023-10-19T02:54:11.613Z
"October 19, 2023 at 03:54AM",Weather,temperature,27.1000003814697,2023-10-19T02:54:12.326Z
"October 19, 2023 at 03:55AM",Weather,humidity,89.0,2023-10-19T02:55:11.722Z
"October 19, 2023 at 03:55AM",Weather,temperature,27.1000003814697,2023-10-19T02:55:12.327Z
"October 19, 2023 at 03:56AM",Weather,humidity,89.0,2023-10-19T02:56:11.826Z
"October 19, 2023 at 03:56AM",Weather,temperature,27.1000003814697,2023-10-19T02:56:12.436Z
"October 19, 2023 at 03:57AM",Weather,humidity,89.0,2023-10-19T02:57:11.840Z
"October 19, 2023 at 03:57AM",Weather,temperature,27.1000003814697,2023-10-19T02:57:12.473Z
"October 19, 2023 at 03:58AM",Weather,humidity,89.0,2023-10-19T02:58:11.845Z
"October 19, 2023 at 03:58AM",Weather,temperature,27.1000003814697,2023-10-19T02:58:12.452Z
"October 19, 2023 at 03:59AM",Weather,humidity,89.0,2023-10-19T02:59:11.943Z
"October 19, 2023 at 03:59AM",Weather,temperature,27.1000003814697,2023-10-19T02:59:12.559Z
"October 19, 2023 at 04:00AM",Weather,humidity,89.0,2023-10-19T03:00:11.954Z
"October 19, 2023 at 04:00AM",Weather,temperature,27.1000003814697,2023-10-19T03:00:12.574Z
"October 19, 2023 at 04:01AM",Weather,humidity,89.0,2023-10-19T03:01:11.970Z
"October 19, 2023 at 04:01AM",Weather,temperature,27.1000003814697,2023-10-19T03:01:12.576Z
"October 19, 2023 at 04:02AM",Weather,humidity,89.0,2023-10-19T03:02:12.100Z
"October 19, 2023 at 04:02AM",Weather,temperature,27.1000003814697,2023-10-19T03:02:12.695Z
"October 19, 2023 at 04:03AM",Weather,humidity,89.0,2023-10-19T03:03:12.073Z
"October 19, 2023 at 04:03AM",Weather,temperature,27.1000003814697,2023-10-19T03:03:12.814Z
"October 19, 2023 at 04:04AM",Weather,humidity,89.0,2023-10-19T03:04:12.086Z
"October 19, 2023 at 04:04AM",Weather,temperature,27.1000003814697,2023-10-19T03:04:12.694Z
"October 19, 2023 at 04:05AM",Weather,temperature,27.1000003814697,2023-10-19T03:05:12.806Z
"October 19, 2023 at 04:05AM",Weather,humidity,89.0,2023-10-19T03:05:12.202Z
"October 19, 2023 at 04:06AM",Weather,humidity,89.0,2023-10-19T03:06:12.199Z
"October 19, 2023 at 04:06AM",Weather,temperature,27.1000003814697,2023-10-19T03:06:12.818Z
"October 19, 2023 at 04:07AM",Weather,humidity,89.0,2023-10-19T03:07:12.217Z
"October 19, 2023 at 04:07AM",Weather,temperature,27.1000003814697,2023-10-19T03:07:12.817Z
"October 19, 2023 at 04:08AM",Weather,temperature,27.1000003814697,2023-10-19T03:08:12.774Z
"October 19, 2023 at 04:08AM",Weather,humidity,89.0,2023-10-19T03:08:12.212Z
"October 19, 2023 at 04:09AM",Weather,humidity,89.0,2023-10-19T03:09:12.221Z
"October 19, 2023 at 04:09AM",Weather,temperature,27.1000003814697,2023-10-19T03:09:12.830Z
"October 19, 2023 at 04:10AM",Weather,temperature,27.1000003814697,2023-10-19T03:10:12.939Z
"October 19, 2023 at 04:10AM",Weather,humidity,89.0,2023-10-19T03:10:12.333Z
"October 19, 2023 at 04:11AM",Weather,humidity,89.0,2023-10-19T03:11:12.438Z
"October 19, 2023 at 04:11AM",Weather,temperature,27.1000003814697,2023-10-19T03:11:13.047Z
"October 19, 2023 at 04:12AM",Weather,humidity,89.0,2023-10-19T03:12:12.443Z
"October 19, 2023 at 04:12AM",Weather,temperature,27.1000003814697,2023-10-19T03:12:13.053Z
"October 19, 2023 at 04:13AM",Weather,humidity,89.0,2023-10-19T03:13:12.560Z
"October 19, 2023 at 04:13AM",Weather,temperature,27.1000003814697,2023-10-19T03:13:13.166Z
"October 19, 2023 at 04:14AM",Weather,temperature,27.1000003814697,2023-10-19T03:14:13.172Z
"October 19, 2023 at 04:14AM",Weather,humidity,89.0,2023-10-19T03:14:12.556Z
"October 19, 2023 at 04:15AM",Weather,humidity,89.0,2023-10-19T03:15:13.286Z
"October 19, 2023 at 04:15AM",Weather,temperature,27.1000003814697,2023-10-19T03:15:13.287Z
"October 19, 2023 at 04:16AM",Weather,humidity,89.0,2023-10-19T03:16:12.678Z
"October 19, 2023 at 04:16AM",Weather,temperature,27.1000003814697,2023-10-19T03:16:13.298Z
"October 19, 2023 at 04:17AM",Weather,humidity,89.0,2023-10-19T03:17:12.677Z
"October 19, 2023 at 04:17AM",Weather,temperature,27.1000003814697,2023-10-19T03:17:13.296Z
"October 19, 2023 at 04:18AM",Weather,humidity,89.0,2023-10-19T03:18:12.584Z
"October 19, 2023 at 04:18AM",Weather,temperature,27.1000003814697,2023-10-19T03:18:13.299Z
"October 19, 2023 at 04:19AM",Weather,temperature,27.1000003814697,2023-10-19T03:19:13.316Z
"October 19, 2023 at 04:19AM",Weather,humidity,89.0,2023-10-19T03:19:12.702Z
"October 19, 2023 at 04:20AM",Weather,temperature,27.1000003814697,2023-10-19T03:20:13.271Z
"October 19, 2023 at 04:20AM",Weather,humidity,89.0,2023-10-19T03:20:12.696Z
"October 19, 2023 at 04:21AM",Weather,humidity,89.0,2023-10-19T03:21:12.807Z
"October 19, 2023 at 04:21AM",Weather,temperature,27.1000003814697,2023-10-19T03:21:13.434Z
"October 19, 2023 at 04:22AM",Weather,humidity,89.0,2023-10-19T03:22:12.933Z
"October 19, 2023 at 04:22AM",Weather,temperature,27.1000003814697,2023-10-19T03:22:13.530Z
"October 19, 2023 at 08:01AM",Weather,temperature,27.1000003814697,2023-10-19T07:01:36.544Z
"October 19, 2023 at 08:01AM",Weather,humidity,84.0,2023-10-19T07:01:36.990Z
"October 19, 2023 at 08:01AM",Weather,temperature,28.1000003814697,2023-10-19T07:01:36.990Z
"October 19, 2023 at 08:02AM",Weather,temperature,28.5,2023-10-19T07:02:37.088Z
"October 19, 2023 at 08:02AM",Weather,humidity,84.0,2023-10-19T07:02:37.088Z
"October 19, 2023 at 08:03AM",Weather,humidity,84.0,2023-10-19T07:03:37.534Z
"October 19, 2023 at 08:03AM",Weather,temperature,28.5,2023-10-19T07:03:37.534Z
"October 19, 2023 at 08:04AM",Weather,humidity,82.0,2023-10-19T07:04:37.212Z
"October 19, 2023 at 08:04AM",Weather,temperature,29.7999992370605,2023-10-19T07:04:37.212Z
"October 19, 2023 at 08:05AM",Weather,humidity,78.0,2023-10-19T07:05:37.214Z
"October 19, 2023 at 08:05AM",Weather,temperature,31.2999992370605,2023-10-19T07:05:37.214Z
"October 19, 2023 at 08:06AM",Weather,humidity,75.0,2023-10-19T07:06:37.220Z
"October 19, 2023 at 08:06AM",Weather,temperature,31.7999992370605,2023-10-19T07:06:37.220Z
"October 19, 2023 at 08:07AM",Weather,humidity,74.0,2023-10-19T07:07:37.336Z
"October 19, 2023 at 08:07AM",Weather,temperature,32.2999992370605,2023-10-19T07:07:37.336Z
"October 19, 2023 at 08:08AM",Weather,humidity,72.0,2023-10-19T07:08:37.227Z
"October 19, 2023 at 08:08AM",Weather,temperature,32.7999992370605,2023-10-19T07:08:37.227Z
"October 19, 2023 at 08:09AM",Weather,humidity,70.0,2023-10-19T07:09:37.207Z
"October 19, 2023 at 08:09AM",Weather,temperature,33.2999992370605,2023-10-19T07:09:37.207Z
"October 19, 2023 at 08:10AM",Weather,humidity,70.0,2023-10-19T07:10:37.346Z
"October 19, 2023 at 08:10AM",Weather,temperature,33.2999992370605,2023-10-19T07:10:37.346Z
"October 19, 2023 at 08:11AM",Weather,humidity,70.0,2023-10-19T07:11:37.349Z
"October 19, 2023 at 08:11AM",Weather,temperature,33.2999992370605,2023-10-19T07:11:37.349Z
"October 19, 2023 at 08:12AM",Weather,humidity,70.0,2023-10-19T07:12:37.257Z
"October 19, 2023 at 08:12AM",Weather,temperature,33.7999992370605,2023-10-19T07:12:37.257Z
"October 19, 2023 at 08:13AM",Weather,humidity,69.0,2023-10-19T07:13:37.372Z
"October 19, 2023 at 08:13AM",Weather,temperature,33.7999992370605,2023-10-19T07:13:37.372Z
"October 19, 2023 at 08:14AM",Weather,humidity,69.0,2023-10-19T07:14:37.374Z
"October 19, 2023 at 08:14AM",Weather,temperature,33.7999992370605,2023-10-19T07:14:37.374Z
"October 19, 2023 at 08:15AM",Weather,humidity,69.0,2023-10-19T07:15:37.374Z
"October 19, 2023 at 08:15AM",Weather,temperature,33.7999992370605,2023-10-19T07:15:37.374Z
"October 19, 2023 at 08:16AM",Weather,humidity,69.0,2023-10-19T07:16:37.389Z
"October 19, 2023 at 08:16AM",Weather,temperature,34.2000007629394,2023-10-19T07:16:37.389Z
"October 19, 2023 at 08:17AM",Weather,temperature,34.2000007629394,2023-10-19T07:17:37.598Z
"October 19, 2023 at 08:17AM",Weather,humidity,68.0,2023-10-19T07:17:37.598Z
"October 19, 2023 at 08:18AM",Weather,humidity,68.0,2023-10-19T07:18:37.499Z
"October 19, 2023 at 08:18AM",Weather,temperature,34.2000007629394,2023-10-19T07:18:37.499Z
"October 19, 2023 at 08:19AM",Weather,humidity,68.0,2023-10-19T07:19:37.511Z
"October 19, 2023 at 08:19AM",Weather,temperature,34.7000007629394,2023-10-19T07:19:37.511Z
"October 19, 2023 at 08:20AM",Weather,humidity,67.0,2023-10-19T07:20:37.513Z
"October 19, 2023 at 08:20AM",Weather,temperature,34.7000007629394,2023-10-19T07:20:37.513Z
"October 19, 2023 at 08:21AM",Weather,humidity,67.0,2023-10-19T07:21:37.522Z
"October 19, 2023 at 08:21AM",Weather,temperature,34.7000007629394,2023-10-19T07:21:37.522Z
"October 19, 2023 at 08:22AM",Weather,humidity,67.0,2023-10-19T07:22:37.534Z
"October 19, 2023 at 08:22AM",Weather,temperature,34.7000007629394,2023-10-19T07:22:37.534Z
"October 19, 2023 at 08:23AM",Weather,humidity,67.0,2023-10-19T07:23:37.575Z
"October 19, 2023 at 08:23AM",Weather,temperature,34.7000007629394,2023-10-19T07:23:37.575Z
"October 19, 2023 at 08:24AM",Weather,humidity,65.0,2023-10-19T07:24:37.538Z
"October 19, 2023 at 08:24AM",Weather,temperature,35.2000007629394,2023-10-19T07:24:37.538Z
"October 19, 2023 at 08:25AM",Weather,humidity,65.0,2023-10-19T07:25:37.553Z
"October 19, 2023 at 08:25AM",Weather,temperature,35.2000007629394,2023-10-19T07:25:37.553Z
"October 19, 2023 at 08:26AM",Weather,humidity,65.0,2023-10-19T07:26:37.652Z
"October 19, 2023 at 08:26AM",Weather,temperature,35.2000007629394,2023-10-19T07:26:37.652Z
"October 19, 2023 at 08:27AM",Weather,humidity,65.0,2023-10-19T07:27:37.664Z
"October 19, 2023 at 08:27AM",Weather,temperature,35.2000007629394,2023-10-19T07:27:37.664Z
"October 19, 2023 at 08:28AM",Weather,humidity,65.0,2023-10-19T07:28:37.780Z
"October 19, 2023 at 08:28AM",Weather,temperature,35.599998474121,2023-10-19T07:28:37.780Z
"October 19, 2023 at 08:29AM",Weather,humidity,65.0,2023-10-19T07:29:37.677Z
"October 19, 2023 at 08:29AM",Weather,temperature,35.599998474121,2023-10-19T07:29:37.677Z
"October 19, 2023 at 08:30AM",Weather,humidity,65.0,2023-10-19T07:30:37.788Z
"October 19, 2023 at 08:30AM",Weather,temperature,35.599998474121,2023-10-19T07:30:37.788Z
"October 19, 2023 at 08:31AM",Weather,humidity,65.0,2023-10-19T07:31:47.767Z
"October 19, 2023 at 08:31AM",Weather,temperature,35.599998474121,2023-10-19T07:31:47.767Z
"October 19, 2023 at 08:32AM",Weather,humidity,64.0,2023-10-19T07:32:43.987Z
"October 19, 2023 at 08:32AM",Weather,temperature,35.599998474121,2023-10-19T07:32:43.987Z
"October 19, 2023 at 08:33AM",Weather,humidity,65.0,2023-10-19T07:33:37.831Z
"October 19, 2023 at 08:33AM",Weather,temperature,35.2000007629394,2023-10-19T07:33:37.831Z
"October 19, 2023 at 08:34AM",Weather,humidity,65.0,2023-10-19T07:34:40.121Z
"October 19, 2023 at 08:34AM",Weather,temperature,35.599998474121,2023-10-19T07:34:40.121Z
"October 19, 2023 at 08:35AM",Weather,humidity,64.0,2023-10-19T07:35:44.496Z
"October 19, 2023 at 08:35AM",Weather,temperature,35.599998474121,2023-10-19T07:35:44.496Z
"October 19, 2023 at 08:36AM",Weather,humidity,63.0,2023-10-19T07:36:57.828Z
"October 19, 2023 at 08:37AM",Weather,temperature,36.2999992370605,2023-10-19T07:36:57.828Z
"October 19, 2023 at 08:37AM",Weather,humidity,64.0,2023-10-19T07:37:43.408Z
"October 19, 2023 at 08:37AM",Weather,temperature,35.599998474121,2023-10-19T07:37:43.408Z
"October 19, 2023 at 08:38AM",Weather,humidity,64.0,2023-10-19T07:38:38.047Z
"October 19, 2023 at 08:38AM",Weather,temperature,36.2999992370605,2023-10-19T07:38:38.047Z
"October 19, 2023 at 08:39AM",Weather,humidity,65.0,2023-10-19T07:39:37.972Z
"October 19, 2023 at 08:39AM",Weather,temperature,35.599998474121,2023-10-19T07:39:37.972Z
"October 19, 2023 at 08:40AM",Weather,humidity,65.0,2023-10-19T07:40:38.059Z
"October 19, 2023 at 08:40AM",Weather,temperature,35.599998474121,2023-10-19T07:40:38.059Z
"October 19, 2023 at 08:41AM",Weather,humidity,63.0,2023-10-19T07:41:37.983Z
"October 19, 2023 at 08:41AM",Weather,temperature,36.2999992370605,2023-10-19T07:41:37.983Z
"October 19, 2023 at 08:42AM",Weather,humidity,62.0,2023-10-19T07:42:44.353Z
"October 19, 2023 at 08:42AM",Weather,temperature,36.9000015258789,2023-10-19T07:42:44.353Z
"October 19, 2023 at 08:43AM",Weather,humidity,61.0,2023-10-19T07:43:37.978Z
"October 19, 2023 at 08:43AM",Weather,temperature,36.9000015258789,2023-10-19T07:43:37.978Z
"October 19, 2023 at 08:44AM",Weather,humidity,61.0,2023-10-19T07:44:37.999Z
"October 19, 2023 at 08:44AM",Weather,temperature,36.9000015258789,2023-10-19T07:44:37.999Z
"October 19, 2023 at 08:45AM",Weather,humidity,60.0,2023-10-19T07:45:38.424Z
"October 19, 2023 at 08:45AM",Weather,temperature,37.4000015258789,2023-10-19T07:45:38.424Z
"October 19, 2023 at 08:46AM",Weather,humidity,60.0,2023-10-19T07:46:44.275Z
"October 19, 2023 at 08:46AM",Weather,temperature,37.4000015258789,2023-10-19T07:46:44.275Z
"October 19, 2023 at 08:47AM",Weather,humidity,60.0,2023-10-19T07:47:38.119Z
"October 19, 2023 at 08:47AM",Weather,temperature,37.4000015258789,2023-10-19T07:47:38.119Z
"October 19, 2023 at 08:48AM",Weather,humidity,61.0,2023-10-19T07:48:38.117Z
"October 19, 2023 at 08:48AM",Weather,temperature,36.9000015258789,2023-10-19T07:48:38.117Z
"October 19, 2023 at 08:49AM",Weather,humidity,63.0,2023-10-19T07:49:38.124Z
"October 19, 2023 at 08:49AM",Weather,temperature,35.599998474121,2023-10-19T07:49:38.124Z
"October 19, 2023 at 08:50AM",Weather,humidity,68.0,2023-10-19T07:50:38.131Z
"October 19, 2023 at 08:50AM",Weather,temperature,34.2000007629394,2023-10-19T07:50:38.131Z
"October 19, 2023 at 08:51AM",Weather,humidity,70.0,2023-10-19T07:51:45.747Z
"October 19, 2023 at 08:51AM",Weather,temperature,33.2999992370605,2023-10-19T07:51:45.747Z
"October 19, 2023 at 08:52AM",Weather,humidity,73.0,2023-10-19T07:52:38.240Z
"October 19, 2023 at 08:52AM",Weather,temperature,32.2999992370605,2023-10-19T07:52:38.240Z
"October 19, 2023 at 08:53AM",Weather,humidity,75.0,2023-10-19T07:53:38.273Z
"October 19, 2023 at 08:53AM",Weather,temperature,31.7999992370605,2023-10-19T07:53:38.273Z
"October 19, 2023 at 08:54AM",Weather,humidity,77.0,2023-10-19T07:54:40.645Z
"October 19, 2023 at 08:54AM",Weather,temperature,31.2999992370605,2023-10-19T07:54:40.645Z
"October 19, 2023 at 08:55AM",Weather,humidity,78.0,2023-10-19T07:55:54.518Z
"October 19, 2023 at 08:55AM",Weather,temperature,30.7999992370605,2023-10-19T07:55:54.518Z
"October 19, 2023 at 08:56AM",Weather,humidity,79.0,2023-10-19T07:56:45.192Z
"October 19, 2023 at 08:56AM",Weather,temperature,30.7999992370605,2023-10-19T07:56:45.192Z
"October 19, 2023 at 08:57AM",Weather,humidity,79.0,2023-10-19T07:57:38.408Z
"October 19, 2023 at 08:57AM",Weather,temperature,30.7999992370605,2023-10-19T07:57:38.408Z
"October 19, 2023 at 08:58AM",Weather,humidity,79.0,2023-10-19T07:58:38.296Z
"October 19, 2023 at 08:58AM",Weather,temperature,30.7999992370605,2023-10-19T07:58:38.296Z
"October 19, 2023 at 08:59AM",Weather,humidity,79.0,2023-10-19T07:59:38.409Z
"October 19, 2023 at 08:59AM",Weather,temperature,30.2999992370605,2023-10-19T07:59:38.409Z
"October 19, 2023 at 09:00AM",Weather,humidity,79.0,2023-10-19T08:00:45.608Z
"October 19, 2023 at 09:00AM",Weather,temperature,31.2999992370605,2023-10-19T08:00:45.608Z
"October 19, 2023 at 09:01AM",Weather,humidity,77.0,2023-10-19T08:01:41.316Z
"October 19, 2023 at 09:01AM",Weather,temperature,31.7999992370605,2023-10-19T08:01:41.316Z
"October 19, 2023 at 09:02AM",Weather,humidity,77.0,2023-10-19T08:02:38.365Z
"October 19, 2023 at 09:02AM",Weather,temperature,31.2999992370605,2023-10-19T08:02:38.365Z
"October 19, 2023 at 09:03AM",Weather,humidity,78.0,2023-10-19T08:03:38.419Z
"October 19, 2023 at 09:03AM",Weather,temperature,31.2999992370605,2023-10-19T08:03:38.419Z
"October 19, 2023 at 09:04AM",Weather,humidity,79.0,2023-10-19T08:04:45.934Z
"October 19, 2023 at 09:04AM",Weather,temperature,30.7999992370605,2023-10-19T08:04:45.934Z
"October 19, 2023 at 09:05AM",Weather,humidity,77.0,2023-10-19T08:05:43.574Z
"October 19, 2023 at 09:05AM",Weather,temperature,31.7999992370605,2023-10-19T08:05:43.574Z
"October 19, 2023 at 09:06AM",Weather,humidity,77.0,2023-10-19T08:06:38.473Z
"October 19, 2023 at 09:06AM",Weather,temperature,31.2999992370605,2023-10-19T08:06:38.473Z
"October 19, 2023 at 09:07AM",Weather,humidity,78.0,2023-10-19T08:07:38.758Z
"October 19, 2023 at 09:07AM",Weather,temperature,30.7999992370605,2023-10-19T08:07:38.758Z
"October 19, 2023 at 09:08AM",Weather,humidity,79.0,2023-10-19T08:08:38.571Z
"October 19, 2023 at 09:08AM",Weather,temperature,30.7999992370605,2023-10-19T08:08:38.571Z
"October 19, 2023 at 09:09AM",Weather,humidity,78.0,2023-10-19T08:09:38.571Z
"October 19, 2023 at 09:09AM",Weather,temperature,31.7999992370605,2023-10-19T08:09:38.571Z
"October 19, 2023 at 09:10AM",Weather,humidity,75.0,2023-10-19T08:10:45.964Z
"October 19, 2023 at 09:10AM",Weather,temperature,32.2999992370605,2023-10-19T08:10:45.964Z
"October 19, 2023 at 09:11AM",Weather,humidity,75.0,2023-10-19T08:11:38.732Z
"October 19, 2023 at 09:11AM",Weather,temperature,32.7999992370605,2023-10-19T08:11:38.732Z
"October 19, 2023 at 09:12AM",Weather,humidity,75.0,2023-10-19T08:12:46.073Z
"October 19, 2023 at 09:12AM",Weather,temperature,32.2999992370605,2023-10-19T08:12:46.073Z
"October 19, 2023 at 09:13AM",Weather,humidity,76.0,2023-10-19T08:13:47.726Z
"October 19, 2023 at 09:13AM",Weather,temperature,31.7999992370605,2023-10-19T08:13:47.726Z
"October 19, 2023 at 09:14AM",Weather,humidity,75.0,2023-10-19T08:14:47.505Z
"October 19, 2023 at 09:14AM",Weather,temperature,32.7999992370605,2023-10-19T08:14:47.505Z
"October 19, 2023 at 09:15AM",Weather,humidity,70.0,2023-10-19T08:15:38.696Z
"October 19, 2023 at 09:15AM",Weather,temperature,34.7000007629394,2023-10-19T08:15:38.696Z
"October 19, 2023 at 09:16AM",Weather,temperature,34.2000007629394,2023-10-19T08:16:38.814Z
"October 19, 2023 at 09:16AM",Weather,humidity,69.0,2023-10-19T08:16:38.814Z
"October 19, 2023 at 09:17AM",Weather,humidity,72.0,2023-10-19T08:17:46.293Z
"October 19, 2023 at 09:17AM",Weather,temperature,32.7999992370605,2023-10-19T08:17:46.293Z
"October 19, 2023 at 09:18AM",Weather,humidity,75.0,2023-10-19T08:18:46.128Z
"October 19, 2023 at 09:18AM",Weather,temperature,32.2999992370605,2023-10-19T08:18:46.128Z
"October 19, 2023 at 09:19AM",Weather,humidity,76.0,2023-10-19T08:19:45.714Z
"October 19, 2023 at 09:19AM",Weather,temperature,31.7999992370605,2023-10-19T08:19:45.714Z
"October 19, 2023 at 09:20AM",Weather,humidity,78.0,2023-10-19T08:20:38.827Z
"October 19, 2023 at 09:20AM",Weather,temperature,31.2999992370605,2023-10-19T08:20:38.827Z
"October 19, 2023 at 09:21AM",Weather,humidity,79.0,2023-10-19T08:21:42.465Z
"October 19, 2023 at 09:21AM",Weather,temperature,30.7999992370605,2023-10-19T08:21:42.465Z
"October 19, 2023 at 09:22AM",Weather,humidity,79.0,2023-10-19T08:22:38.955Z
"October 19, 2023 at 09:22AM",Weather,temperature,30.2000007629394,2023-10-19T08:22:38.955Z
"October 19, 2023 at 09:23AM",Weather,humidity,80.0,2023-10-19T08:23:38.956Z
"October 19, 2023 at 09:23AM",Weather,temperature,30.2000007629394,2023-10-19T08:23:38.956Z
"October 19, 2023 at 09:24AM",Weather,humidity,79.0,2023-10-19T08:24:38.983Z
"October 19, 2023 at 09:24AM",Weather,temperature,31.2999992370605,2023-10-19T08:24:38.983Z
"October 19, 2023 at 09:25AM",Weather,humidity,77.0,2023-10-19T08:25:47.401Z
"October 19, 2023 at 09:25AM",Weather,temperature,32.2999992370605,2023-10-19T08:25:47.401Z
"October 19, 2023 at 09:26AM",Weather,humidity,76.0,2023-10-19T08:26:39.092Z
"October 19, 2023 at 09:26AM",Weather,temperature,31.7999992370605,2023-10-19T08:26:39.092Z
"October 19, 2023 at 09:27AM",Weather,humidity,77.0,2023-10-19T08:27:39.088Z
"October 19, 2023 at 09:27AM",Weather,temperature,31.2999992370605,2023-10-19T08:27:39.088Z
"October 19, 2023 at 09:28AM",Weather,humidity,78.0,2023-10-19T08:28:39.192Z
"October 19, 2023 at 09:28AM",Weather,temperature,31.2999992370605,2023-10-19T08:28:39.192Z
"October 19, 2023 at 09:29AM",Weather,humidity,79.0,2023-10-19T08:29:48.359Z
"October 19, 2023 at 09:29AM",Weather,temperature,30.7999992370605,2023-10-19T08:29:48.359Z
"October 19, 2023 at 09:30AM",Weather,humidity,79.0,2023-10-19T08:30:39.117Z
"October 19, 2023 at 09:30AM",Weather,temperature,30.7999992370605,2023-10-19T08:30:39.117Z
"October 19, 2023 at 09:31AM",Weather,humidity,79.0,2023-10-19T08:31:39.108Z
"October 19, 2023 at 09:31AM",Weather,temperature,30.7999992370605,2023-10-19T08:31:39.108Z
"October 19, 2023 at 09:32AM",Weather,humidity,78.0,2023-10-19T08:32:46.811Z
"October 19, 2023 at 09:32AM",Weather,temperature,31.7999992370605,2023-10-19T08:32:46.811Z
"October 19, 2023 at 09:33AM",Weather,humidity,71.0,2023-10-19T08:33:39.223Z
"October 19, 2023 at 09:33AM",Weather,temperature,34.2000007629394,2023-10-19T08:33:39.223Z
"October 19, 2023 at 09:34AM",Weather,humidity,66.0,2023-10-19T08:34:39.327Z
"October 19, 2023 at 09:34AM",Weather,temperature,35.2000007629394,2023-10-19T08:34:39.327Z
"October 19, 2023 at 09:35AM",Weather,humidity,69.0,2023-10-19T08:35:47.062Z
"October 19, 2023 at 09:35AM",Weather,temperature,34.2000007629394,2023-10-19T08:35:47.062Z
"October 19, 2023 at 09:36AM",Weather,humidity,73.0,2023-10-19T08:36:41.328Z
"October 19, 2023 at 09:36AM",Weather,temperature,32.7999992370605,2023-10-19T08:36:41.328Z
"October 19, 2023 at 09:37AM",Weather,humidity,75.0,2023-10-19T08:37:39.256Z
"October 19, 2023 at 09:37AM",Weather,temperature,31.7999992370605,2023-10-19T08:37:39.256Z
"October 19, 2023 at 09:38AM",Weather,humidity,77.0,2023-10-19T08:38:39.462Z
"October 19, 2023 at 09:38AM",Weather,temperature,31.2999992370605,2023-10-19T08:38:39.462Z
"October 19, 2023 at 09:39AM",Weather,humidity,79.0,2023-10-19T08:39:46.694Z
"October 19, 2023 at 09:39AM",Weather,temperature,30.7999992370605,2023-10-19T08:39:46.694Z
"October 19, 2023 at 09:40AM",Weather,humidity,79.0,2023-10-19T08:40:39.285Z
"October 19, 2023 at 09:40AM",Weather,temperature,30.2000007629394,2023-10-19T08:40:39.285Z
"October 19, 2023 at 09:41AM",Weather,humidity,79.0,2023-10-19T08:41:39.703Z
"October 19, 2023 at 09:41AM",Weather,temperature,30.2000007629394,2023-10-19T08:41:39.703Z
"October 19, 2023 at 09:42AM",Weather,humidity,80.0,2023-10-19T08:42:39.288Z
"October 19, 2023 at 09:42AM",Weather,temperature,30.2000007629394,2023-10-19T08:42:39.288Z
"October 19, 2023 at 09:43AM",Weather,humidity,80.0,2023-10-19T08:43:39.404Z
"October 19, 2023 at 09:43AM",Weather,temperature,30.2000007629394,2023-10-19T08:43:39.404Z
"October 19, 2023 at 09:44AM",Weather,temperature,30.2000007629394,2023-10-19T08:44:40.430Z
"October 19, 2023 at 09:44AM",Weather,humidity,80.0,2023-10-19T08:44:39.599Z
"October 19, 2023 at 09:45AM",Weather,temperature,30.7999992370605,2023-10-19T08:45:40.216Z
"October 19, 2023 at 09:45AM",Weather,humidity,79.0,2023-10-19T08:45:39.613Z
"October 19, 2023 at 09:46AM",Weather,humidity,79.0,2023-10-19T08:46:39.336Z
"October 19, 2023 at 09:46AM",Weather,temperature,31.2999992370605,2023-10-19T08:46:41.978Z
"October 19, 2023 at 09:47AM",Weather,humidity,78.0,2023-10-19T08:47:48.135Z
"October 19, 2023 at 09:47AM",Weather,temperature,31.7999992370605,2023-10-19T08:47:48.136Z
"October 19, 2023 at 09:48AM",Weather,humidity,77.0,2023-10-19T08:48:39.543Z
"October 19, 2023 at 09:48AM",Weather,temperature,32.2999992370605,2023-10-19T08:48:40.352Z
"October 19, 2023 at 09:49AM",Weather,humidity,76.0,2023-10-19T08:49:39.532Z
"October 19, 2023 at 09:49AM",Weather,temperature,32.2999992370605,2023-10-19T08:49:40.444Z
"October 19, 2023 at 09:50AM",Weather,humidity,75.0,2023-10-19T08:50:39.531Z
"October 19, 2023 at 09:50AM",Weather,temperature,32.2999992370605,2023-10-19T08:50:40.367Z
"October 19, 2023 at 09:51AM",Weather,humidity,75.0,2023-10-19T08:51:47.266Z
"October 19, 2023 at 09:51AM",Weather,temperature,32.2999992370605,2023-10-19T08:51:47.267Z
"October 19, 2023 at 09:52AM",Weather,humidity,75.0,2023-10-19T08:52:39.766Z
"October 19, 2023 at 09:52AM",Weather,temperature,32.7999992370605,2023-10-19T08:52:40.469Z
"October 19, 2023 at 09:53AM",Weather,humidity,75.0,2023-10-19T08:53:46.761Z
"October 19, 2023 at 09:53AM",Weather,temperature,32.7999992370605,2023-10-19T08:53:46.763Z
"October 19, 2023 at 09:54AM",Weather,humidity,75.0,2023-10-19T08:54:39.761Z
"October 19, 2023 at 09:54AM",Weather,temperature,32.7999992370605,2023-10-19T08:54:40.602Z
"October 19, 2023 at 09:55AM",Weather,humidity,74.0,2023-10-19T08:55:39.779Z
"October 19, 2023 at 09:55AM",Weather,temperature,32.7999992370605,2023-10-19T08:55:40.600Z
"October 19, 2023 at 09:56AM",Weather,humidity,74.0,2023-10-19T08:56:39.896Z
"October 19, 2023 at 09:56AM",Weather,temperature,32.7999992370605,2023-10-19T08:56:40.502Z
"October 19, 2023 at 09:57AM",Weather,humidity,74.0,2023-10-19T08:57:45.258Z
"October 19, 2023 at 09:57AM",Weather,temperature,32.7999992370605,2023-10-19T08:57:45.260Z
"October 19, 2023 at 09:58AM",Weather,humidity,74.0,2023-10-19T08:58:40.115Z
"October 19, 2023 at 09:58AM",Weather,temperature,32.7999992370605,2023-10-19T08:58:40.825Z
"October 19, 2023 at 09:59AM",Weather,humidity,74.0,2023-10-19T08:59:39.800Z
"October 19, 2023 at 09:59AM",Weather,temperature,32.7999992370605,2023-10-19T08:59:40.835Z
"October 19, 2023 at 10:00AM",Weather,humidity,75.0,2023-10-19T09:00:39.704Z
"October 19, 2023 at 10:00AM",Weather,temperature,32.7999992370605,2023-10-19T09:00:40.724Z
"October 19, 2023 at 10:01AM",Weather,humidity,75.0,2023-10-19T09:01:45.906Z
"October 19, 2023 at 10:01AM",Weather,temperature,32.2999992370605,2023-10-19T09:01:45.908Z
"October 19, 2023 at 10:02AM",Weather,humidity,75.0,2023-10-19T09:02:39.711Z
"October 19, 2023 at 10:02AM",Weather,temperature,32.2999992370605,2023-10-19T09:02:40.840Z
"October 19, 2023 at 10:03AM",Weather,humidity,75.0,2023-10-19T09:03:48.266Z
"October 19, 2023 at 10:03AM",Weather,temperature,32.2999992370605,2023-10-19T09:03:48.268Z
"October 19, 2023 at 10:04AM",Weather,humidity,75.0,2023-10-19T09:04:48.480Z
"October 19, 2023 at 10:04AM",Weather,temperature,32.7999992370605,2023-10-19T09:04:48.482Z
"October 19, 2023 at 10:05AM",Weather,humidity,74.0,2023-10-19T09:05:39.940Z
"October 19, 2023 at 10:05AM",Weather,temperature,32.7999992370605,2023-10-19T09:05:41.060Z
"October 19, 2023 at 10:06AM",Weather,humidity,74.0,2023-10-19T09:06:40.166Z
"October 19, 2023 at 10:06AM",Weather,temperature,32.7999992370605,2023-10-19T09:06:41.086Z
"October 19, 2023 at 10:07AM",Weather,humidity,75.0,2023-10-19T09:07:39.979Z
"October 19, 2023 at 10:07AM",Weather,temperature,32.7999992370605,2023-10-19T09:07:40.890Z
"October 19, 2023 at 10:08AM",Weather,humidity,75.0,2023-10-19T09:08:40.069Z
"October 19, 2023 at 10:08AM",Weather,temperature,32.7999992370605,2023-10-19T09:08:40.888Z
"October 19, 2023 at 10:09AM",Weather,humidity,75.0,2023-10-19T09:09:40.278Z
"October 19, 2023 at 10:09AM",Weather,temperature,32.7999992370605,2023-10-19T09:09:40.886Z
"October 19, 2023 at 10:10AM",Weather,humidity,75.0,2023-10-19T09:10:48.094Z
"October 19, 2023 at 10:10AM",Weather,temperature,32.7999992370605,2023-10-19T09:10:48.095Z
"October 19, 2023 at 10:11AM",Weather,humidity,74.0,2023-10-19T09:11:40.186Z
"October 19, 2023 at 10:11AM",Weather,temperature,32.7999992370605,2023-10-19T09:11:40.939Z
"October 19, 2023 at 10:12AM",Weather,humidity,74.0,2023-10-19T09:12:48.617Z
"October 19, 2023 at 10:12AM",Weather,temperature,32.7999992370605,2023-10-19T09:12:48.618Z
"October 19, 2023 at 10:13AM",Weather,humidity,74.0,2023-10-19T09:13:40.300Z
"October 19, 2023 at 10:13AM",Weather,temperature,33.2999992370605,2023-10-19T09:13:41.013Z
"October 19, 2023 at 10:14AM",Weather,humidity,72.0,2023-10-19T09:14:40.531Z
"October 19, 2023 at 10:14AM",Weather,temperature,33.2999992370605,2023-10-19T09:14:41.238Z
"October 19, 2023 at 10:15AM",Weather,humidity,72.0,2023-10-19T09:15:44.044Z
"October 19, 2023 at 10:15AM",Weather,temperature,32.7999992370605,2023-10-19T09:15:44.045Z
"October 19, 2023 at 10:16AM",Weather,humidity,73.0,2023-10-19T09:16:40.533Z
"October 19, 2023 at 10:16AM",Weather,temperature,32.7999992370605,2023-10-19T09:16:41.245Z
"October 19, 2023 at 10:17AM",Weather,humidity,74.0,2023-10-19T09:17:50.183Z
"October 19, 2023 at 10:17AM",Weather,temperature,32.7999992370605,2023-10-19T09:17:50.185Z
"October 19, 2023 at 10:18AM",Weather,humidity,74.0,2023-10-19T09:18:41.898Z
"October 19, 2023 at 10:18AM",Weather,temperature,32.7999992370605,2023-10-19T09:18:41.899Z
"October 19, 2023 at 10:19AM",Weather,humidity,75.0,2023-10-19T09:19:40.537Z
"October 19, 2023 at 10:19AM",Weather,temperature,32.2999992370605,2023-10-19T09:19:41.466Z
"October 19, 2023 at 10:20AM",Weather,humidity,75.0,2023-10-19T09:20:40.663Z
"October 19, 2023 at 10:20AM",Weather,temperature,32.2999992370605,2023-10-19T09:20:41.367Z
"October 19, 2023 at 10:21AM",Weather,humidity,75.0,2023-10-19T09:21:40.887Z
"October 19, 2023 at 10:21AM",Weather,temperature,32.2999992370605,2023-10-19T09:21:41.699Z
"October 19, 2023 at 10:22AM",Weather,humidity,75.0,2023-10-19T09:22:40.784Z
"October 19, 2023 at 10:22AM",Weather,temperature,32.2999992370605,2023-10-19T09:22:41.496Z
"October 19, 2023 at 10:23AM",Weather,humidity,74.0,2023-10-19T09:23:50.304Z
"October 19, 2023 at 10:23AM",Weather,temperature,32.7999992370605,2023-10-19T09:23:50.305Z
"October 19, 2023 at 10:24AM",Weather,humidity,74.0,2023-10-19T09:24:40.991Z
"October 19, 2023 at 10:24AM",Weather,temperature,32.7999992370605,2023-10-19T09:24:41.613Z
"October 19, 2023 at 10:25AM",Weather,humidity,75.0,2023-10-19T09:25:40.836Z
"October 19, 2023 at 10:25AM",Weather,temperature,32.2999992370605,2023-10-19T09:25:41.709Z
"October 19, 2023 at 10:26AM",Weather,humidity,75.0,2023-10-19T09:26:40.898Z
"October 19, 2023 at 10:26AM",Weather,temperature,32.2999992370605,2023-10-19T09:26:41.718Z
"October 19, 2023 at 10:27AM",Weather,humidity,75.0,2023-10-19T09:27:44.025Z
"October 19, 2023 at 10:27AM",Weather,temperature,31.7999992370605,2023-10-19T09:27:44.027Z
"October 19, 2023 at 10:28AM",Weather,humidity,75.0,2023-10-19T09:28:40.932Z
"October 19, 2023 at 10:28AM",Weather,temperature,31.7999992370605,2023-10-19T09:28:41.736Z
"October 19, 2023 at 10:29AM",Weather,humidity,76.0,2023-10-19T09:29:41.345Z
"October 19, 2023 at 10:29AM",Weather,temperature,31.7999992370605,2023-10-19T09:29:42.044Z
"October 19, 2023 at 10:30AM",Weather,humidity,76.0,2023-10-19T09:30:48.966Z
"October 19, 2023 at 10:30AM",Weather,temperature,31.7999992370605,2023-10-19T09:30:48.968Z
"October 19, 2023 at 10:31AM",Weather,humidity,76.0,2023-10-19T09:31:41.335Z
"October 19, 2023 at 10:31AM",Weather,temperature,31.7999992370605,2023-10-19T09:31:42.155Z
"October 19, 2023 at 10:32AM",Weather,humidity,77.0,2023-10-19T09:32:41.138Z
"October 19, 2023 at 10:32AM",Weather,temperature,31.2999992370605,2023-10-19T09:32:42.075Z
"October 19, 2023 at 10:33AM",Weather,humidity,77.0,2023-10-19T09:33:41.145Z
"October 19, 2023 at 10:33AM",Weather,temperature,31.2999992370605,2023-10-19T09:33:42.065Z
"October 19, 2023 at 10:34AM",Weather,humidity,76.0,2023-10-19T09:34:41.184Z
"October 19, 2023 at 10:34AM",Weather,temperature,31.7999992370605,2023-10-19T09:34:41.936Z
"October 19, 2023 at 10:35AM",Weather,humidity,77.0,2023-10-19T09:35:41.361Z
"October 19, 2023 at 10:35AM",Weather,temperature,31.7999992370605,2023-10-19T09:35:42.089Z
"October 19, 2023 at 10:36AM",Weather,humidity,76.0,2023-10-19T09:36:41.593Z
"October 19, 2023 at 10:36AM",Weather,temperature,31.7999992370605,2023-10-19T09:36:42.838Z
"October 19, 2023 at 10:37AM",Weather,humidity,76.0,2023-10-19T09:37:42.012Z
"October 19, 2023 at 10:37AM",Weather,temperature,31.7999992370605,2023-10-19T09:37:42.505Z
"October 19, 2023 at 03:50PM",Weather,humidity,81.0,2023-10-19T14:50:15.695Z
"October 19, 2023 at 03:50PM",Weather,temperature,30.2000007629394,2023-10-19T14:50:15.695Z
"October 19, 2023 at 03:51PM",Weather,humidity,81.0,2023-10-19T14:51:15.940Z
"October 19, 2023 at 03:51PM",Weather,temperature,30.2000007629394,2023-10-19T14:51:15.940Z
"October 19, 2023 at 03:52PM",Weather,humidity,81.0,2023-10-19T14:52:16.188Z
"October 19, 2023 at 03:52PM",Weather,temperature,30.2000007629394,2023-10-19T14:52:16.188Z
"October 19, 2023 at 03:53PM",Weather,humidity,81.0,2023-10-19T14:53:15.933Z
"October 19, 2023 at 03:53PM",Weather,temperature,30.2000007629394,2023-10-19T14:53:15.933Z
"October 19, 2023 at 03:54PM",Weather,humidity,81.0,2023-10-19T14:54:16.062Z
"October 19, 2023 at 03:54PM",Weather,temperature,30.2000007629394,2023-10-19T14:54:16.062Z
"October 19, 2023 at 03:55PM",Weather,humidity,81.0,2023-10-19T14:55:21.781Z
"October 19, 2023 at 03:55PM",Weather,temperature,30.2000007629394,2023-10-19T14:55:21.781Z
"October 19, 2023 at 03:56PM",Weather,humidity,81.0,2023-10-19T14:56:16.074Z
"October 19, 2023 at 03:56PM",Weather,temperature,30.2000007629394,2023-10-19T14:56:16.074Z
"October 19, 2023 at 03:57PM",Weather,humidity,81.0,2023-10-19T14:57:16.111Z
"October 19, 2023 at 03:57PM",Weather,temperature,30.2000007629394,2023-10-19T14:57:16.111Z
"October 19, 2023 at 03:58PM",Weather,humidity,80.0,2023-10-19T14:58:18.200Z
"October 19, 2023 at 03:58PM",Weather,temperature,30.2000007629394,2023-10-19T14:58:18.200Z
"October 19, 2023 at 03:59PM",Weather,humidity,80.0,2023-10-19T14:59:16.101Z
"October 19, 2023 at 03:59PM",Weather,temperature,30.7999992370605,2023-10-19T14:59:16.101Z
"October 19, 2023 at 04:00PM",Weather,humidity,80.0,2023-10-19T15:00:18.998Z
"October 19, 2023 at 04:00PM",Weather,temperature,30.7999992370605,2023-10-19T15:00:18.998Z
"October 19, 2023 at 04:01PM",Weather,humidity,80.0,2023-10-19T15:01:15.974Z
"October 19, 2023 at 04:01PM",Weather,temperature,30.7999992370605,2023-10-19T15:01:15.974Z
"October 19, 2023 at 04:02PM",Weather,humidity,80.0,2023-10-19T15:02:16.225Z
"October 19, 2023 at 04:02PM",Weather,temperature,30.7999992370605,2023-10-19T15:02:16.225Z
"October 19, 2023 at 04:03PM",Weather,humidity,79.0,2023-10-19T15:03:18.267Z
"October 19, 2023 at 04:03PM",Weather,temperature,30.7999992370605,2023-10-19T15:03:18.267Z
"October 19, 2023 at 04:04PM",Weather,humidity,79.0,2023-10-19T15:04:16.155Z
"October 19, 2023 at 04:04PM",Weather,temperature,30.7999992370605,2023-10-19T15:04:16.155Z
"October 19, 2023 at 04:05PM",Weather,humidity,79.0,2023-10-19T15:05:20.469Z
"October 19, 2023 at 04:05PM",Weather,temperature,30.7999992370605,2023-10-19T15:05:20.469Z
"October 19, 2023 at 04:06PM",Weather,humidity,79.0,2023-10-19T15:06:16.033Z
"October 19, 2023 at 04:06PM",Weather,temperature,30.7999992370605,2023-10-19T15:06:16.033Z
"October 19, 2023 at 04:07PM",Weather,humidity,79.0,2023-10-19T15:07:16.339Z
"October 19, 2023 at 04:07PM",Weather,temperature,30.7999992370605,2023-10-19T15:07:16.339Z
"October 19, 2023 at 04:08PM",Weather,humidity,79.0,2023-10-19T15:08:31.873Z
"October 19, 2023 at 04:08PM",Weather,temperature,30.7999992370605,2023-10-19T15:08:31.873Z
"October 19, 2023 at 04:09PM",Weather,humidity,79.0,2023-10-19T15:09:16.268Z
"October 19, 2023 at 04:09PM",Weather,temperature,30.7999992370605,2023-10-19T15:09:16.268Z
"October 19, 2023 at 04:10PM",Weather,humidity,79.0,2023-10-19T15:10:16.481Z
"October 19, 2023 at 04:10PM",Weather,temperature,30.7999992370605,2023-10-19T15:10:16.481Z
"October 19, 2023 at 04:11PM",Weather,humidity,79.0,2023-10-19T15:11:24.685Z
"October 19, 2023 at 04:11PM",Weather,temperature,30.7999992370605,2023-10-19T15:11:24.685Z
"October 19, 2023 at 04:12PM",Weather,humidity,79.0,2023-10-19T15:12:16.293Z
"October 19, 2023 at 04:12PM",Weather,temperature,30.7999992370605,2023-10-19T15:12:16.293Z
"October 19, 2023 at 04:13PM",Weather,humidity,79.0,2023-10-19T15:13:21.923Z
"October 19, 2023 at 04:13PM",Weather,temperature,30.7999992370605,2023-10-19T15:13:21.923Z
"October 19, 2023 at 04:14PM",Weather,temperature,30.7999992370605,2023-10-19T15:14:16.200Z
"October 19, 2023 at 04:14PM",Weather,humidity,79.0,2023-10-19T15:14:16.200Z
"October 19, 2023 at 04:15PM",Weather,humidity,79.0,2023-10-19T15:15:16.482Z
"October 19, 2023 at 04:15PM",Weather,temperature,30.7999992370605,2023-10-19T15:15:16.482Z
"October 19, 2023 at 04:16PM",Weather,temperature,30.7999992370605,2023-10-19T15:16:16.283Z
"October 19, 2023 at 04:16PM",Weather,humidity,79.0,2023-10-19T15:16:16.283Z
"October 19, 2023 at 04:17PM",Weather,humidity,79.0,2023-10-19T15:17:16.331Z
"October 19, 2023 at 04:17PM",Weather,temperature,30.7999992370605,2023-10-19T15:17:16.331Z
"October 19, 2023 at 04:18PM",Weather,humidity,79.0,2023-10-19T15:18:16.335Z
"October 19, 2023 at 04:18PM",Weather,temperature,30.7999992370605,2023-10-19T15:18:16.335Z
"October 19, 2023 at 04:19PM",Weather,humidity,80.0,2023-10-19T15:19:16.429Z
"October 19, 2023 at 04:19PM",Weather,temperature,30.7999992370605,2023-10-19T15:19:16.429Z
"October 19, 2023 at 04:20PM",Weather,humidity,80.0,2023-10-19T15:20:16.622Z
"October 19, 2023 at 04:20PM",Weather,temperature,30.7999992370605,2023-10-19T15:20:16.622Z
"October 19, 2023 at 04:21PM",Weather,humidity,80.0,2023-10-19T15:21:16.385Z
"October 19, 2023 at 04:21PM",Weather,temperature,30.7999992370605,2023-10-19T15:21:16.385Z
"October 19, 2023 at 04:22PM",Weather,humidity,79.0,2023-10-19T15:22:20.818Z
"October 19, 2023 at 04:22PM",Weather,temperature,30.7999992370605,2023-10-19T15:22:20.818Z
"October 19, 2023 at 04:23PM",Weather,humidity,79.0,2023-10-19T15:23:16.455Z
"October 19, 2023 at 04:23PM",Weather,temperature,30.7999992370605,2023-10-19T15:23:16.455Z
"October 19, 2023 at 04:24PM",Weather,humidity,79.0,2023-10-19T15:24:16.373Z
"October 19, 2023 at 04:24PM",Weather,temperature,30.7999992370605,2023-10-19T15:24:16.373Z
"October 19, 2023 at 04:25PM",Weather,humidity,79.0,2023-10-19T15:25:23.301Z
"October 19, 2023 at 04:25PM",Weather,temperature,30.7999992370605,2023-10-19T15:25:23.301Z
"October 19, 2023 at 04:26PM",Weather,humidity,79.0,2023-10-19T15:26:21.856Z
"October 19, 2023 at 04:26PM",Weather,temperature,30.7999992370605,2023-10-19T15:26:21.856Z
"October 19, 2023 at 04:27PM",Weather,humidity,79.0,2023-10-19T15:27:16.475Z
"October 19, 2023 at 04:27PM",Weather,temperature,30.7999992370605,2023-10-19T15:27:16.475Z
"October 19, 2023 at 04:28PM",Weather,humidity,79.0,2023-10-19T15:28:16.469Z
"October 19, 2023 at 04:28PM",Weather,temperature,30.7999992370605,2023-10-19T15:28:16.469Z
"October 19, 2023 at 04:29PM",Weather,humidity,79.0,2023-10-19T15:29:16.475Z
"October 19, 2023 at 04:29PM",Weather,temperature,30.7999992370605,2023-10-19T15:29:16.475Z
"October 19, 2023 at 04:30PM",Weather,humidity,79.0,2023-10-19T15:30:16.482Z
"October 19, 2023 at 04:30PM",Weather,temperature,30.7999992370605,2023-10-19T15:30:16.482Z
"October 19, 2023 at 04:31PM",Weather,humidity,79.0,2023-10-19T15:31:16.523Z
"October 19, 2023 at 04:31PM",Weather,temperature,30.2000007629394,2023-10-19T15:31:16.523Z
"October 19, 2023 at 04:32PM",Weather,humidity,80.0,2023-10-19T15:32:16.578Z
"October 19, 2023 at 04:32PM",Weather,temperature,30.2000007629394,2023-10-19T15:32:16.578Z
"October 19, 2023 at 04:33PM",Weather,humidity,79.0,2023-10-19T15:33:16.607Z
"October 19, 2023 at 04:33PM",Weather,temperature,30.2000007629394,2023-10-19T15:33:16.607Z
"October 19, 2023 at 04:34PM",Weather,humidity,79.0,2023-10-19T15:34:16.498Z
"October 19, 2023 at 04:34PM",Weather,temperature,30.2000007629394,2023-10-19T15:34:16.498Z
"October 19, 2023 at 04:35PM",Weather,humidity,80.0,2023-10-19T15:35:17.417Z
"October 19, 2023 at 04:35PM",Weather,temperature,30.2000007629394,2023-10-19T15:35:17.417Z
"October 19, 2023 at 04:36PM",Weather,humidity,79.0,2023-10-19T15:36:16.526Z
"October 19, 2023 at 04:36PM",Weather,temperature,30.2000007629394,2023-10-19T15:36:16.526Z
"October 19, 2023 at 04:37PM",Weather,humidity,80.0,2023-10-19T15:37:16.549Z
"October 19, 2023 at 04:37PM",Weather,temperature,30.2000007629394,2023-10-19T15:37:16.549Z
"October 19, 2023 at 04:38PM",Weather,temperature,30.2000007629394,2023-10-19T15:38:16.731Z
"October 19, 2023 at 04:38PM",Weather,humidity,80.0,2023-10-19T15:38:16.731Z
"October 19, 2023 at 04:39PM",Weather,humidity,79.0,2023-10-19T15:39:16.647Z
"October 19, 2023 at 04:39PM",Weather,temperature,30.2000007629394,2023-10-19T15:39:16.647Z
"October 19, 2023 at 04:40PM",Weather,humidity,79.0,2023-10-19T15:40:16.742Z
"October 19, 2023 at 04:40PM",Weather,temperature,30.2000007629394,2023-10-19T15:40:16.742Z
"October 19, 2023 at 04:41PM",Weather,humidity,80.0,2023-10-19T15:41:16.647Z
"October 19, 2023 at 04:41PM",Weather,temperature,30.2000007629394,2023-10-19T15:41:16.647Z
"October 19, 2023 at 04:42PM",Weather,humidity,80.0,2023-10-19T15:42:16.786Z
"October 19, 2023 at 04:42PM",Weather,temperature,30.2000007629394,2023-10-19T15:42:16.786Z
"October 19, 2023 at 04:43PM",Weather,humidity,80.0,2023-10-19T15:43:16.764Z
"October 19, 2023 at 04:43PM",Weather,temperature,30.2000007629394,2023-10-19T15:43:16.764Z
"October 19, 2023 at 04:44PM",Weather,humidity,81.0,2023-10-19T15:44:16.873Z
"October 19, 2023 at 04:44PM",Weather,temperature,29.8999996185302,2023-10-19T15:44:16.873Z
"October 19, 2023 at 04:45PM",Weather,humidity,80.0,2023-10-19T15:45:16.993Z
"October 19, 2023 at 04:45PM",Weather,temperature,30.2000007629394,2023-10-19T15:45:16.993Z
"October 19, 2023 at 04:46PM",Weather,humidity,81.0,2023-10-19T15:46:16.880Z
"October 19, 2023 at 04:46PM",Weather,temperature,29.7999992370605,2023-10-19T15:46:16.880Z
"October 19, 2023 at 04:47PM",Weather,humidity,81.0,2023-10-19T15:47:16.859Z
"October 19, 2023 at 04:47PM",Weather,temperature,29.7999992370605,2023-10-19T15:47:16.859Z
"October 19, 2023 at 04:48PM",Weather,humidity,81.0,2023-10-19T15:48:17.274Z
"October 19, 2023 at 04:48PM",Weather,temperature,30.2000007629394,2023-10-19T15:48:17.274Z
"October 19, 2023 at 04:49PM",Weather,humidity,80.0,2023-10-19T15:49:17.009Z
"October 19, 2023 at 04:49PM",Weather,temperature,30.2000007629394,2023-10-19T15:49:17.009Z
"October 19, 2023 at 04:50PM",Weather,humidity,80.0,2023-10-19T15:50:17.277Z
"October 19, 2023 at 04:50PM",Weather,temperature,30.2000007629394,2023-10-19T15:50:17.277Z
"October 19, 2023 at 04:51PM",Weather,humidity,80.0,2023-10-19T15:51:16.919Z
"October 19, 2023 at 04:51PM",Weather,temperature,30.2000007629394,2023-10-19T15:51:16.919Z
"October 19, 2023 at 04:52PM",Weather,humidity,80.0,2023-10-19T15:52:17.408Z
"October 19, 2023 at 04:52PM",Weather,temperature,30.2000007629394,2023-10-19T15:52:17.408Z
"October 19, 2023 at 04:53PM",Weather,humidity,80.0,2023-10-19T15:53:17.037Z
"October 19, 2023 at 04:53PM",Weather,temperature,30.2000007629394,2023-10-19T15:53:17.037Z
"October 19, 2023 at 04:54PM",Weather,humidity,80.0,2023-10-19T15:54:17.424Z
"October 19, 2023 at 04:54PM",Weather,temperature,30.2000007629394,2023-10-19T15:54:17.424Z
"October 19, 2023 at 04:55PM",Weather,humidity,79.0,2023-10-19T15:55:17.057Z
"October 19, 2023 at 04:55PM",Weather,temperature,30.2000007629394,2023-10-19T15:55:17.057Z
"October 19, 2023 at 04:56PM",Weather,humidity,80.0,2023-10-19T15:56:17.049Z
"October 19, 2023 at 04:56PM",Weather,temperature,30.2000007629394,2023-10-19T15:56:17.049Z
"October 19, 2023 at 04:57PM",Weather,humidity,79.0,2023-10-19T15:57:17.064Z
"October 19, 2023 at 04:57PM",Weather,temperature,30.2000007629394,2023-10-19T15:57:17.064Z
"October 19, 2023 at 04:58PM",Weather,humidity,79.0,2023-10-19T15:58:17.633Z
"October 19, 2023 at 04:58PM",Weather,temperature,30.2000007629394,2023-10-19T15:58:17.633Z
"October 19, 2023 at 04:59PM",Weather,humidity,79.0,2023-10-19T15:59:17.178Z
"October 19, 2023 at 04:59PM",Weather,temperature,30.2000007629394,2023-10-19T15:59:17.178Z
"October 19, 2023 at 05:00PM",Weather,humidity,80.0,2023-10-19T16:00:17.007Z
"October 19, 2023 at 05:00PM",Weather,temperature,30.2000007629394,2023-10-19T16:00:17.007Z
"October 19, 2023 at 05:01PM",Weather,humidity,80.0,2023-10-19T16:01:17.196Z
"October 19, 2023 at 05:01PM",Weather,temperature,30.2000007629394,2023-10-19T16:01:17.196Z
"October 19, 2023 at 05:02PM",Weather,temperature,30.2000007629394,2023-10-19T16:02:17.197Z
"October 19, 2023 at 05:02PM",Weather,humidity,80.0,2023-10-19T16:02:17.197Z
"October 19, 2023 at 05:03PM",Weather,humidity,79.0,2023-10-19T16:03:17.198Z
"October 19, 2023 at 05:03PM",Weather,temperature,30.2000007629394,2023-10-19T16:03:17.198Z
"October 19, 2023 at 05:04PM",Weather,humidity,80.0,2023-10-19T16:04:17.215Z
"October 19, 2023 at 05:04PM",Weather,temperature,30.2000007629394,2023-10-19T16:04:17.215Z
"October 19, 2023 at 05:05PM",Weather,humidity,79.0,2023-10-19T16:05:17.211Z
"October 19, 2023 at 05:05PM",Weather,temperature,30.2000007629394,2023-10-19T16:05:17.211Z
"October 19, 2023 at 05:06PM",Weather,humidity,80.0,2023-10-19T16:06:17.218Z
"October 19, 2023 at 05:06PM",Weather,temperature,30.2000007629394,2023-10-19T16:06:17.218Z
"October 19, 2023 at 05:07PM",Weather,humidity,79.0,2023-10-19T16:07:17.149Z
"October 19, 2023 at 05:07PM",Weather,temperature,30.2000007629394,2023-10-19T16:07:17.149Z
"October 19, 2023 at 05:08PM",Weather,temperature,30.2000007629394,2023-10-19T16:08:17.332Z
"October 19, 2023 at 05:08PM",Weather,humidity,80.0,2023-10-19T16:08:17.332Z
"October 19, 2023 at 05:09PM",Weather,humidity,79.0,2023-10-19T16:09:17.245Z
"October 19, 2023 at 05:09PM",Weather,temperature,30.2000007629394,2023-10-19T16:09:17.245Z
"October 19, 2023 at 05:10PM",Weather,humidity,80.0,2023-10-19T16:10:17.269Z
"October 19, 2023 at 05:10PM",Weather,temperature,30.2000007629394,2023-10-19T16:10:17.269Z
"October 19, 2023 at 05:11PM",Weather,humidity,80.0,2023-10-19T16:11:17.250Z
"October 19, 2023 at 05:11PM",Weather,temperature,30.2000007629394,2023-10-19T16:11:17.250Z
"October 19, 2023 at 05:12PM",Weather,temperature,30.2000007629394,2023-10-19T16:12:17.276Z
"October 19, 2023 at 05:12PM",Weather,humidity,80.0,2023-10-19T16:12:17.276Z
"October 19, 2023 at 05:13PM",Weather,humidity,80.0,2023-10-19T16:13:17.295Z
"October 19, 2023 at 05:13PM",Weather,temperature,30.2000007629394,2023-10-19T16:13:17.295Z
"October 19, 2023 at 05:14PM",Weather,humidity,80.0,2023-10-19T16:14:17.282Z
"October 19, 2023 at 05:14PM",Weather,temperature,29.7999992370605,2023-10-19T16:14:17.282Z
"October 19, 2023 at 06:39PM",Weather,temperature,28.8999996185302,2023-10-19T17:39:01.956Z
"October 19, 2023 at 06:39PM",Weather,humidity,84.0,2023-10-19T17:39:01.956Z
"October 19, 2023 at 06:40PM",Weather,humidity,84.0,2023-10-19T17:40:01.965Z
"October 19, 2023 at 06:40PM",Weather,temperature,28.8999996185302,2023-10-19T17:40:01.965Z
"October 19, 2023 at 06:41PM",Weather,humidity,84.0,2023-10-19T17:41:02.125Z
"October 19, 2023 at 06:41PM",Weather,temperature,28.5,2023-10-19T17:41:02.125Z
"October 19, 2023 at 06:42PM",Weather,humidity,84.0,2023-10-19T17:42:01.825Z
"October 19, 2023 at 06:42PM",Weather,temperature,28.5,2023-10-19T17:42:01.825Z
"October 19, 2023 at 06:43PM",Weather,humidity,84.0,2023-10-19T17:43:02.035Z
"October 19, 2023 at 06:43PM",Weather,temperature,28.7999992370605,2023-10-19T17:43:02.035Z
